id,gen_size,gen_count,mut,cross,elitism,t_size,time,score,satisfied,n_var,n_clause
0,100,200,0.001,0.7,1,0.1,0.8642268180847168,0.9625595275948217,0.9657142857142857,50,350
1,100,200,0.051000000000000004,0.7,1,0.1,0.7653341293334961,0.9703775153304565,0.9742857142857143,50,350
2,100,200,0.101,0.7,1,0.1,0.7685525417327881,0.9638380195321371,0.9685714285714285,50,350
3,100,200,0.15100000000000002,0.7,1,0.1,0.7787187099456787,0.9558531001589824,0.96,50,350
4,100,200,0.201,0.7,1,0.1,0.7752993106842041,0.9462558255734727,0.9485714285714286,50,350
5,100,200,0.251,0.7,1,0.1,0.7856404781341553,0.9443798319327731,0.9485714285714286,50,350
6,100,200,0.001,0.7,1,0.1,0.6776459217071533,0.9763138613861386,0.98,50,250
7,100,200,0.051000000000000004,0.7,1,0.1,0.6777801513671875,0.9806616501650165,0.984,50,250
8,100,200,0.101,0.7,1,0.1,0.6934795379638672,0.9798365676567657,0.984,50,250
9,100,200,0.15100000000000002,0.7,1,0.1,0.7361655235290527,0.9724116171617162,0.976,50,250
10,100,200,0.201,0.7,1,0.1,0.7277603149414062,0.9641615841584158,0.968,50,250
11,100,200,0.251,0.7,1,0.1,0.735140323638916,0.9531479207920792,0.956,50,250
12,100,200,0.001,0.7,1,0.1,0.660057783126831,0.9827237099494097,0.988,50,250
13,100,200,0.051000000000000004,0.7,1,0.1,0.6873643398284912,0.9922373018549747,0.996,50,250
14,100,200,0.101,0.7,1,0.1,0.7291200160980225,0.9883278920741989,0.992,50,250
15,100,200,0.15100000000000002,0.7,1,0.1,0.701228141784668,0.9715856998313659,0.976,50,250
16,100,200,0.201,0.7,1,0.1,0.7253973484039307,0.9649051602023608,0.968,50,250
17,100,200,0.251,0.7,1,0.1,0.7362432479858398,0.9585421247892074,0.964,50,250
18,100,200,0.001,0.7,1,0.1,0.647808313369751,0.9960311835577604,1.0,50,200
19,100,200,0.051000000000000004,0.7,1,0.1,0.6747951507568359,0.996867469879518,1.0,50,200
20,100,200,0.101,0.7,1,0.1,0.6589131355285645,0.9930301559177888,0.995,50,200
21,100,200,0.15100000000000002,0.7,1,0.1,0.6644556522369385,0.9870596031183557,0.99,50,200
22,100,200,0.201,0.7,1,0.1,0.6832797527313232,0.98246396172927,0.985,50,200
23,100,200,0.251,0.7,1,0.1,0.6858296394348145,0.9765075832742736,0.98,50,200
24,100,200,0.001,0.7,1,0.1,0.6351523399353027,0.9972993248312078,1.0,50,150
25,100,200,0.051000000000000004,0.7,1,0.1,0.6304595470428467,0.9973743435858965,1.0,50,150
26,100,200,0.101,0.7,1,0.1,0.6515636444091797,0.9963990997749438,1.0,50,150
27,100,200,0.15100000000000002,0.7,1,0.1,0.6436538696289062,0.9965791447861966,1.0,50,150
28,100,200,0.201,0.7,1,0.1,0.6431822776794434,0.9893489872468116,0.9933333333333333,50,150
29,100,200,0.251,0.7,1,0.1,0.6521732807159424,0.975113728432108,0.98,50,150
30,100,200,0.001,0.7,1,0.1,0.7147841453552246,0.9689990165602216,0.9723076923076923,50,325
31,100,200,0.051000000000000004,0.7,1,0.1,0.7332837581634521,0.9688961510201775,0.9723076923076923,50,325
32,100,200,0.101,0.7,1,0.1,0.7550201416015625,0.97525297010117,0.9784615384615385,50,325
33,100,200,0.15100000000000002,0.7,1,0.1,0.7569727897644043,0.9652842367037812,0.9692307692307692,50,325
34,100,200,0.201,0.7,1,0.1,0.9144911766052246,0.956380896399706,0.96,50,325
35,100,200,0.251,0.7,1,0.1,0.8811130523681641,0.9468603628553666,0.9507692307692308,50,325
36,100,200,0.001,0.7,1,0.1,0.6927359104156494,0.9767550239234449,0.98,50,250
37,100,200,0.051000000000000004,0.7,1,0.1,0.7044799327850342,0.9854963955342902,0.988,50,250
38,100,200,0.101,0.7,1,0.1,0.7043359279632568,0.9880608612440192,0.992,50,250
39,100,200,0.15100000000000002,0.7,1,0.1,0.7449238300323486,0.9788888676236045,0.984,50,250
40,100,200,0.201,0.7,1,0.1,0.7079110145568848,0.971343668261563,0.976,50,250
41,100,200,0.251,0.7,1,0.1,0.7270677089691162,0.9699959808612441,0.976,50,250
42,100,200,0.001,0.7,1,0.1,0.7120521068572998,0.9657275894836871,0.9714285714285714,50,350
43,100,200,0.051000000000000004,0.7,1,0.1,0.7358071804046631,0.9713625593918277,0.9771428571428571,50,350
44,100,200,0.101,0.7,1,0.1,0.7931523323059082,0.9700934853764123,0.9742857142857143,50,350
45,100,200,0.15100000000000002,0.7,1,0.1,0.7752490043640137,0.9607651990286137,0.9657142857142857,50,350
46,100,200,0.201,0.7,1,0.1,0.7793810367584229,0.9568871080139373,0.9628571428571429,50,350
47,100,200,0.251,0.7,1,0.1,0.7913296222686768,0.9460310632456974,0.9514285714285714,50,350
48,100,200,0.001,0.7,1,0.1,0.7380199432373047,0.9772188370188369,0.98,50,350
49,100,200,0.051000000000000004,0.7,1,0.1,0.7510521411895752,0.9772679770679771,0.98,50,350
50,100,200,0.101,0.7,1,0.1,0.7744059562683105,0.9736285948285948,0.9771428571428571,50,350
51,100,200,0.15100000000000002,0.7,1,0.1,0.7813730239868164,0.9629367497367497,0.9657142857142857,50,350
52,100,200,0.201,0.7,1,0.1,0.794201135635376,0.9513603837603837,0.9542857142857143,50,350
53,100,200,0.251,0.7,1,0.1,0.8027927875518799,0.9445238797238797,0.9485714285714286,50,350
54,100,200,0.001,0.7,1,0.1,0.6635518074035645,0.9839254071661238,0.9866666666666667,50,225
55,100,200,0.051000000000000004,0.7,1,0.1,0.6662063598632812,0.9929615635179152,0.9955555555555555,50,225
56,100,200,0.101,0.7,1,0.1,0.6851177215576172,0.9962214983713356,1.0,50,225
57,100,200,0.15100000000000002,0.7,1,0.1,0.6931107044219971,0.9831925081433225,0.9866666666666667,50,225
58,100,200,0.201,0.7,1,0.1,0.6946768760681152,0.9778641693811075,0.9822222222222222,50,225
59,100,200,0.251,0.7,1,0.1,0.6944875717163086,0.9785482084690554,0.9822222222222222,50,225
60,100,200,0.001,0.7,1,0.1,0.7147777080535889,0.9569012831479896,0.96,50,350
61,100,200,0.051000000000000004,0.7,1,0.1,0.7435629367828369,0.9706335329341318,0.9742857142857143,50,350
62,100,200,0.101,0.7,1,0.1,0.7704851627349854,0.9757346449957228,0.98,50,350
63,100,200,0.15100000000000002,0.7,1,0.1,0.7828042507171631,0.9590882805816937,0.9628571428571429,50,350
64,100,200,0.201,0.7,1,0.1,0.7909152507781982,0.9553529512403763,0.96,50,350
65,100,200,0.251,0.7,1,0.1,0.7984328269958496,0.9439787852865698,0.9485714285714286,50,350
66,100,200,0.001,0.7,1,0.1,0.6286163330078125,0.9912141589180051,0.9942857142857143,50,175
67,100,200,0.051000000000000004,0.7,1,0.1,0.6291289329528809,0.9910218512256974,0.9942857142857143,50,175
68,100,200,0.101,0.7,1,0.1,0.6420955657958984,0.9965532544378698,1.0,50,175
69,100,200,0.15100000000000002,0.7,1,0.1,0.6612980365753174,0.9904079459002536,0.9942857142857143,50,175
70,100,200,0.201,0.7,1,0.1,0.6511678695678711,0.9780137785291632,0.9828571428571429,50,175
71,100,200,0.251,0.7,1,0.1,0.6791634559631348,0.9784575655114117,0.9828571428571429,50,175
72,100,200,0.001,0.7,1,0.1,0.6895146369934082,0.9686308370044053,0.9733333333333334,50,300
73,100,200,0.051000000000000004,0.7,1,0.1,0.7083380222320557,0.9754070484581497,0.98,50,300
74,100,200,0.101,0.7,1,0.1,0.7380928993225098,0.9776145374449339,0.9833333333333333,50,300
75,100,200,0.15100000000000002,0.7,1,0.1,0.7370598316192627,0.962647577092511,0.9666666666666667,50,300
76,100,200,0.201,0.7,1,0.1,0.763052225112915,0.960801321585903,0.9633333333333334,50,300
77,100,200,0.251,0.7,1,0.1,0.7565438747406006,0.9494740088105726,0.9533333333333334,50,300
78,100,200,0.001,0.7,1,0.1,0.6248455047607422,0.9964372469635627,1.0,50,175
79,100,200,0.051000000000000004,0.7,1,0.1,0.6384379863739014,0.9851634470792365,0.9885714285714285,50,175
80,100,200,0.101,0.7,1,0.1,0.644935131072998,0.9966963562753036,1.0,50,175
81,100,200,0.15100000000000002,0.7,1,0.1,0.6474318504333496,0.9892011567379989,0.9942857142857143,50,175
82,100,200,0.201,0.7,1,0.1,0.6446855068206787,0.9834306535569693,0.9885714285714285,50,175
83,100,200,0.251,0.7,1,0.1,0.6643900871276855,0.9784698669751302,0.9828571428571429,50,175
84,100,200,0.001,0.7,1,0.1,0.6578752994537354,0.978099440447642,0.9822222222222222,50,225
85,100,200,0.051000000000000004,0.7,1,0.1,0.6690244674682617,0.9900604316546762,0.9955555555555555,50,225
86,100,200,0.101,0.7,1,0.1,0.6867990493774414,0.9908038369304556,0.9955555555555555,50,225
87,100,200,0.15100000000000002,0.7,1,0.1,0.6904265880584717,0.9823235811350919,0.9866666666666667,50,225
88,100,200,0.201,0.7,1,0.1,0.7021210193634033,0.9726123101518784,0.9777777777777777,50,225
89,100,200,0.251,0.7,1,0.1,0.6918704509735107,0.9637163868904877,0.9688888888888889,50,225
90,100,200,0.001,0.7,1,0.1,0.6927549839019775,0.9628258011503698,0.9666666666666667,50,300
91,100,200,0.051000000000000004,0.7,1,0.1,0.750251293182373,0.9827408381265407,0.9866666666666667,50,300
92,100,200,0.101,0.7,1,0.1,0.7785537242889404,0.9784301561216104,0.9833333333333333,50,300
93,100,200,0.15100000000000002,0.7,1,0.1,0.7491664886474609,0.9706633525061626,0.9766666666666667,50,300
94,100,200,0.201,0.7,1,0.1,0.7392010688781738,0.9558478225143795,0.96,50,300
95,100,200,0.251,0.7,1,0.1,0.7444620132446289,0.9485822514379622,0.9533333333333334,50,300
96,100,200,0.001,0.7,1,0.1,0.6388871669769287,0.9967757327880027,1.0,50,150
97,100,200,0.051000000000000004,0.7,1,0.1,0.6360321044921875,0.9972733469665985,1.0,50,150
98,100,200,0.101,0.7,1,0.1,0.6328599452972412,0.9968234492160872,1.0,50,150
99,100,200,0.15100000000000002,0.7,1,0.1,0.6316108703613281,0.9953306066802999,1.0,50,150
100,100,200,0.201,0.7,1,0.1,0.6456656455993652,0.9885261077027948,0.9933333333333333,50,150
101,100,200,0.251,0.7,1,0.1,0.6389477252960205,0.9819601908657123,0.9866666666666667,50,150
102,100,200,0.001,0.7,1,0.1,0.615786075592041,0.9902358831710709,0.9933333333333333,50,150
103,100,200,0.051000000000000004,0.7,1,0.1,0.6390228271484375,0.9904792767732962,0.9933333333333333,50,150
104,100,200,0.101,0.7,1,0.1,0.6599540710449219,0.9960848400556328,1.0,50,150
105,100,200,0.15100000000000002,0.7,1,0.1,0.6423943042755127,0.9951321279554938,1.0,50,150
106,100,200,0.201,0.7,1,0.1,0.642723798751831,0.9824328233657859,0.9866666666666667,50,150
107,100,200,0.251,0.7,1,0.1,0.6466295719146729,0.9760414464534075,0.98,50,150
108,100,200,0.001,0.7,1,0.1,0.6837012767791748,0.9666688524590163,0.97,50,300
109,100,200,0.051000000000000004,0.7,1,0.1,0.7029147148132324,0.9749950819672131,0.98,50,300
110,100,200,0.101,0.7,1,0.1,0.7210602760314941,0.9766344262295081,0.98,50,300
111,100,200,0.15100000000000002,0.7,1,0.1,0.7368338108062744,0.9632786885245901,0.9666666666666667,50,300
112,100,200,0.201,0.7,1,0.1,0.7481293678283691,0.956695081967213,0.96,50,300
113,100,200,0.251,0.7,1,0.1,0.7541248798370361,0.9494065573770492,0.9533333333333334,50,300
114,100,200,0.001,0.7,1,0.1,0.6504995822906494,0.9949644830307813,1.0,50,150
115,100,200,0.051000000000000004,0.7,1,0.1,0.6228625774383545,0.9971191791633781,1.0,50,150
116,100,200,0.101,0.7,1,0.1,0.6589856147766113,0.9976716653512233,1.0,50,150
117,100,200,0.15100000000000002,0.7,1,0.1,0.6681644916534424,0.9899824782951854,0.9933333333333333,50,150
118,100,200,0.201,0.7,1,0.1,0.6397528648376465,0.9889485398579321,0.9933333333333333,50,150
119,100,200,0.251,0.7,1,0.1,0.6402614116668701,0.9757643251775848,0.98,50,150
120,100,200,0.001,0.7,1,0.1,0.6151511669158936,0.9979217791411042,1.0,50,150
121,100,200,0.051000000000000004,0.7,1,0.1,0.642301082611084,0.9980828220858896,1.0,50,150
122,100,200,0.101,0.7,1,0.1,0.6231157779693604,0.9981058282208589,1.0,50,150
123,100,200,0.15100000000000002,0.7,1,0.1,0.6339571475982666,0.9970245398773007,1.0,50,150
124,100,200,0.201,0.7,1,0.1,0.6470401287078857,0.9972852760736196,1.0,50,150
125,100,200,0.251,0.7,1,0.1,0.655670166015625,0.9773702453987729,0.98,50,150
126,100,200,0.001,0.7,1,0.1,0.7234041690826416,0.9704211776227201,0.9742857142857143,50,350
127,100,200,0.051000000000000004,0.7,1,0.1,0.7363302707672119,0.970146970253397,0.9742857142857143,50,350
128,100,200,0.101,0.7,1,0.1,0.7540755271911621,0.966607173460644,0.9714285714285714,50,350
129,100,200,0.15100000000000002,0.7,1,0.1,0.7719671726226807,0.9590469090463949,0.9628571428571429,50,350
130,100,200,0.201,0.7,1,0.1,0.7708084583282471,0.9529270412535195,0.9571428571428572,50,350
131,100,200,0.251,0.7,1,0.1,0.7827315330505371,0.9501927286081527,0.9542857142857143,50,350
132,100,200,0.001,0.7,1,0.1,0.7117760181427002,0.9697018792282636,0.9723076923076923,50,325
133,100,200,0.051000000000000004,0.7,1,0.1,0.717498779296875,0.9728055875720372,0.9784615384615385,50,325
134,100,200,0.101,0.7,1,0.1,0.7556769847869873,0.9719907040841895,0.9753846153846154,50,325
135,100,200,0.15100000000000002,0.7,1,0.1,0.7797825336456299,0.9655238035580055,0.9692307692307692,50,325
136,100,200,0.201,0.7,1,0.1,0.7658758163452148,0.9561817589576547,0.96,50,325
137,100,200,0.251,0.7,1,0.1,0.7651588916778564,0.9485747932848911,0.9538461538461539,50,325
138,100,200,0.001,0.7,1,0.1,0.6381733417510986,0.9917078715919085,0.995,50,200
139,100,200,0.051000000000000004,0.7,1,0.1,0.6654930114746094,0.9926049692172383,0.995,50,200
140,100,200,0.101,0.7,1,0.1,0.6610548496246338,0.9969920844327177,1.0,50,200
141,100,200,0.15100000000000002,0.7,1,0.1,0.6694633960723877,0.9862389621811786,0.99,50,200
142,100,200,0.201,0.7,1,0.1,0.7131404876708984,0.97161763412489,0.975,50,200
143,100,200,0.251,0.7,1,0.1,0.6761868000030518,0.9663246262093227,0.97,50,200
144,100,200,0.001,0.7,1,0.1,0.6799163818359375,0.9750743648960738,0.9781818181818182,50,275
145,100,200,0.051000000000000004,0.7,1,0.1,0.6989719867706299,0.9772732871439569,0.9818181818181818,50,275
146,100,200,0.101,0.7,1,0.1,0.7236738204956055,0.9809656658968438,0.9854545454545455,50,275
147,100,200,0.15100000000000002,0.7,1,0.1,0.7166838645935059,0.9700424942263279,0.9745454545454545,50,275
148,100,200,0.201,0.7,1,0.1,0.7397027015686035,0.9671507313317937,0.9709090909090909,50,275
149,100,200,0.251,0.7,1,0.1,0.729041576385498,0.9556117013086989,0.96,50,275
150,100,200,0.001,0.7,1,0.1,0.7009544372558594,0.957423914968999,0.96,50,325
151,100,200,0.051000000000000004,0.7,1,0.1,0.7294836044311523,0.9706529127205833,0.9753846153846154,50,325
152,100,200,0.101,0.7,1,0.1,0.7426321506500244,0.9685102132588403,0.9723076923076923,50,325
153,100,200,0.15100000000000002,0.7,1,0.1,0.7895801067352295,0.9591326020303876,0.963076923076923,50,325
154,100,200,0.201,0.7,1,0.1,0.8013174533843994,0.9525619949580977,0.9569230769230769,50,325
155,100,200,0.251,0.7,1,0.1,0.7690646648406982,0.9440258363425769,0.9476923076923077,50,325
156,100,200,0.001,0.7,1,0.1,0.6299183368682861,0.9912264150943396,0.9933333333333333,50,150
157,100,200,0.051000000000000004,0.7,1,0.1,0.639845609664917,0.9917094339622641,0.9933333333333333,50,150
158,100,200,0.101,0.7,1,0.1,0.6299710273742676,0.996822641509434,1.0,50,150
159,100,200,0.15100000000000002,0.7,1,0.1,0.6499712467193604,0.9961283018867925,1.0,50,150
160,100,200,0.201,0.7,1,0.1,0.6435930728912354,0.9896339622641509,0.9933333333333333,50,150
161,100,200,0.251,0.7,1,0.1,0.6462376117706299,0.9814792452830189,0.9866666666666667,50,150
162,100,200,0.001,0.7,1,0.1,0.727703332901001,0.9516498322147651,0.9575,50,400
163,100,200,0.051000000000000004,0.7,1,0.1,0.7733702659606934,0.9601486577181207,0.965,50,400
164,100,200,0.101,0.7,1,0.1,0.8020381927490234,0.9600312080536912,0.965,50,400
165,100,200,0.15100000000000002,0.7,1,0.1,0.8026046752929688,0.9577659395973155,0.9625,50,400
166,100,200,0.201,0.7,1,0.1,0.8056690692901611,0.9521196308724832,0.9575,50,400
167,100,200,0.251,0.7,1,0.1,0.8396201133728027,0.945013422818792,0.95,50,400
168,100,200,0.001,0.7,1,0.1,0.697291374206543,0.9625223880597015,0.9666666666666667,50,300
169,100,200,0.051000000000000004,0.7,1,0.1,0.715773344039917,0.9738320066334991,0.9766666666666667,50,300
170,100,200,0.101,0.7,1,0.1,0.7229340076446533,0.9734422885572139,0.9766666666666667,50,300
171,100,200,0.15100000000000002,0.7,1,0.1,0.746528148651123,0.966120895522388,0.97,50,300
172,100,200,0.201,0.7,1,0.1,0.7567911148071289,0.9622487562189055,0.9666666666666667,50,300
173,100,200,0.251,0.7,1,0.1,0.7486217021942139,0.9489077943615257,0.9533333333333334,50,300
174,100,200,0.001,0.7,1,0.1,0.7033782005310059,0.9764649355410276,0.9815384615384616,50,325
175,100,200,0.051000000000000004,0.7,1,0.1,0.7159271240234375,0.9729978126718397,0.9784615384615385,50,325
176,100,200,0.101,0.7,1,0.1,0.7333660125732422,0.9728786704955092,0.9784615384615385,50,325
177,100,200,0.15100000000000002,0.7,1,0.1,0.7562417984008789,0.9696657176024929,0.9753846153846154,50,325
178,100,200,0.201,0.7,1,0.1,0.754908561706543,0.9582753833934136,0.963076923076923,50,325
179,100,200,0.251,0.7,1,0.1,0.7611582279205322,0.9550942017474185,0.96,50,325
180,100,200,0.001,0.7,1,0.1,0.6868045330047607,0.9693410714285714,0.9733333333333334,50,300
181,100,200,0.051000000000000004,0.7,1,0.1,0.7125418186187744,0.9783571428571428,0.9833333333333333,50,300
182,100,200,0.101,0.7,1,0.1,0.7486240863800049,0.979455357142857,0.9833333333333333,50,300
183,100,200,0.15100000000000002,0.7,1,0.1,0.7393381595611572,0.9687339285714286,0.9733333333333334,50,300
184,100,200,0.201,0.7,1,0.1,0.7470414638519287,0.9588517857142858,0.9633333333333334,50,300
185,100,200,0.251,0.7,1,0.1,0.7506544589996338,0.9548553571428571,0.96,50,300
186,100,200,0.001,0.7,1,0.1,0.6934213638305664,0.9668941422594142,0.97,50,300
187,100,200,0.051000000000000004,0.7,1,0.1,0.7113246917724609,0.9705903765690377,0.9766666666666667,50,300
188,100,200,0.101,0.7,1,0.1,0.7282757759094238,0.9777928870292887,0.9833333333333333,50,300
189,100,200,0.15100000000000002,0.7,1,0.1,0.7446029186248779,0.9633682008368201,0.9666666666666667,50,300
190,100,200,0.201,0.7,1,0.1,0.7505731582641602,0.9554209205020919,0.96,50,300
191,100,200,0.251,0.7,1,0.1,0.7590618133544922,0.9523468619246861,0.9566666666666667,50,300
192,100,200,0.001,0.7,1,0.1,0.7609765529632568,0.9632406577885392,0.9675,50,400
193,100,200,0.051000000000000004,0.7,1,0.1,0.7989263534545898,0.9686184221146086,0.9725,50,400
194,100,200,0.101,0.7,1,0.1,0.8136818408966064,0.9662967715899918,0.97,50,400
195,100,200,0.15100000000000002,0.7,1,0.1,0.8207626342773438,0.9534052259887006,0.9575,50,400
196,100,200,0.201,0.7,1,0.1,0.823361873626709,0.9457138821630348,0.95,50,400
197,100,200,0.251,0.7,1,0.1,0.8229398727416992,0.9408365213882163,0.945,50,400
198,100,200,0.001,0.7,1,0.1,0.6229536533355713,0.9851271985863803,0.9885714285714285,50,175
199,100,200,0.051000000000000004,0.7,1,0.1,0.6408617496490479,0.9980685061845861,1.0,50,175
200,100,200,0.101,0.7,1,0.1,0.6487400531768799,0.9973834443387251,1.0,50,175
201,100,200,0.15100000000000002,0.7,1,0.1,0.6616461277008057,0.9912029903493272,0.9942857142857143,50,175
202,100,200,0.201,0.7,1,0.1,0.6577548980712891,0.9852128313171129,0.9885714285714285,50,175
203,100,200,0.251,0.7,1,0.1,0.655034065246582,0.9849749626206334,0.9885714285714285,50,175
204,100,200,0.001,0.7,1,0.1,0.6300339698791504,0.9913361328393029,0.9942857142857143,50,175
205,100,200,0.051000000000000004,0.7,1,0.1,0.6485631465911865,0.99217186770962,0.9942857142857143,50,175
206,100,200,0.101,0.7,1,0.1,0.6528406143188477,0.9968683957732949,1.0,50,175
207,100,200,0.15100000000000002,0.7,1,0.1,0.6476559638977051,0.9902410319747496,0.9942857142857143,50,175
208,100,200,0.201,0.7,1,0.1,0.6598596572875977,0.9842957046795663,0.9885714285714285,50,175
209,100,200,0.251,0.7,1,0.1,0.6639585494995117,0.9735866062851654,0.9771428571428571,50,175
210,100,200,0.001,0.7,1,0.1,0.6557307243347168,0.982403517186251,0.9866666666666667,50,225
211,100,200,0.051000000000000004,0.7,1,0.1,0.6719989776611328,0.9958513189448441,1.0,50,225
212,100,200,0.101,0.7,1,0.1,0.6811943054199219,0.986899440447642,0.9911111111111112,50,225
213,100,200,0.15100000000000002,0.7,1,0.1,0.6864874362945557,0.9785151079136691,0.9822222222222222,50,225
214,100,200,0.201,0.7,1,0.1,0.6813530921936035,0.9693553956834533,0.9733333333333334,50,225
215,100,200,0.251,0.7,1,0.1,0.6910591125488281,0.9605553956834533,0.9644444444444444,50,225
216,100,200,0.001,0.7,1,0.1,0.6852259635925293,0.9672384068278805,0.9709090909090909,50,275
217,100,200,0.051000000000000004,0.7,1,0.1,0.7061889171600342,0.9748153627311521,0.9781818181818182,50,275
218,100,200,0.101,0.7,1,0.1,0.7120788097381592,0.9732364153627311,0.9781818181818182,50,275
219,100,200,0.15100000000000002,0.7,1,0.1,0.7260715961456299,0.9751425320056898,0.9781818181818182,50,275
220,100,200,0.201,0.7,1,0.1,0.7236788272857666,0.9554782361308676,0.96,50,275
221,100,200,0.251,0.7,1,0.1,0.728055477142334,0.9527815078236131,0.9563636363636364,50,275
222,100,200,0.001,0.7,1,0.1,0.6673586368560791,0.9778380681818182,0.9818181818181818,50,275
223,100,200,0.051000000000000004,0.7,1,0.1,0.7005913257598877,0.97026875,0.9745454545454545,50,275
224,100,200,0.101,0.7,1,0.1,0.7003121376037598,0.9742593749999999,0.9781818181818182,50,275
225,100,200,0.15100000000000002,0.7,1,0.1,0.7115263938903809,0.9737125,0.9781818181818182,50,275
226,100,200,0.201,0.7,1,0.1,0.7211177349090576,0.9565931818181818,0.96,50,275
227,100,200,0.251,0.7,1,0.1,0.7266860008239746,0.9545619318181817,0.96,50,275
228,100,200,0.001,0.7,1,0.1,0.7606287002563477,0.9673172802404206,0.97,50,400
229,100,200,0.051000000000000004,0.7,1,0.1,0.7686314582824707,0.9582469008264463,0.9625,50,400
230,100,200,0.101,0.7,1,0.1,0.8008468151092529,0.966062584522915,0.97,50,400
231,100,200,0.15100000000000002,0.7,1,0.1,0.8168356418609619,0.9577885987978964,0.9625,50,400
232,100,200,0.201,0.7,1,0.1,0.8190224170684814,0.9509571374906085,0.955,50,400
233,100,200,0.251,0.7,1,0.1,0.8394906520843506,0.9505589406461307,0.955,50,400
234,100,200,0.001,0.7,1,0.1,0.761650800704956,0.9542204186413902,0.9575,50,400
235,100,200,0.051000000000000004,0.7,1,0.1,0.7744967937469482,0.960650157977883,0.965,50,400
236,100,200,0.101,0.7,1,0.1,0.7791948318481445,0.9627144154818326,0.9675,50,400
237,100,200,0.15100000000000002,0.7,1,0.1,0.8203761577606201,0.951184597156398,0.955,50,400
238,100,200,0.201,0.7,1,0.1,0.8082311153411865,0.9469402448657188,0.9525,50,400
239,100,200,0.251,0.7,1,0.1,0.824373722076416,0.9384857424960505,0.9425,50,400
240,100,200,0.001,0.7,1,0.1,0.699406623840332,0.9777356357927787,0.9815384615384616,50,325
241,100,200,0.051000000000000004,0.7,1,0.1,0.7216935157775879,0.9709525902668761,0.9753846153846154,50,325
242,100,200,0.101,0.7,1,0.1,0.7465615272521973,0.9741164835164835,0.9784615384615385,50,325
243,100,200,0.15100000000000002,0.7,1,0.1,0.7566306591033936,0.9559886970172684,0.96,50,325
244,100,200,0.201,0.7,1,0.1,0.7672889232635498,0.9499591836734695,0.9538461538461539,50,325
245,100,200,0.251,0.7,1,0.1,0.7683899402618408,0.9461359497645212,0.9507692307692308,50,325
246,100,200,0.001,0.7,1,0.1,0.7121930122375488,0.9709357451537227,0.9753846153846154,50,325
247,100,200,0.051000000000000004,0.7,1,0.1,0.7378215789794922,0.9757957031732313,0.9784615384615385,50,325
248,100,200,0.101,0.7,1,0.1,0.7682018280029297,0.9757957031732313,0.9784615384615385,50,325
249,100,200,0.15100000000000002,0.7,1,0.1,0.7508542537689209,0.9628004938881343,0.9661538461538461,50,325
250,100,200,0.201,0.7,1,0.1,0.7629599571228027,0.9560581059390048,0.96,50,325
251,100,200,0.251,0.7,1,0.1,0.7700638771057129,0.9554401284109149,0.96,50,325
252,100,200,0.001,0.7,1,0.1,0.7383286952972412,0.9627767120280949,0.9675,50,400
253,100,200,0.051000000000000004,0.7,1,0.1,0.7786111831665039,0.9664720807726075,0.97,50,400
254,100,200,0.101,0.7,1,0.1,0.7833824157714844,0.9735107769973662,0.9775,50,400
255,100,200,0.15100000000000002,0.7,1,0.1,0.8181765079498291,0.9507880158033362,0.955,50,400
256,100,200,0.201,0.7,1,0.1,0.8105733394622803,0.9495852063213344,0.955,50,400
257,100,200,0.251,0.7,1,0.1,0.8180696964263916,0.9433542361720808,0.9475,50,400
258,100,200,0.001,0.7,1,0.1,0.7111876010894775,0.9761423868312756,0.98,50,350
259,100,200,0.051000000000000004,0.7,1,0.1,0.7318267822265625,0.9816349206349206,0.9857142857142858,50,350
260,100,200,0.101,0.7,1,0.1,0.7548198699951172,0.9814209288653734,0.9857142857142858,50,350
261,100,200,0.15100000000000002,0.7,1,0.1,0.7721462249755859,0.9696375073486184,0.9742857142857143,50,350
262,100,200,0.201,0.7,1,0.1,0.7756674289703369,0.9640708994708994,0.9685714285714285,50,350
263,100,200,0.251,0.7,1,0.1,0.787186861038208,0.9463504997060552,0.9514285714285714,50,350
264,100,200,0.001,0.7,1,0.1,0.6391153335571289,0.9856770418374154,0.9885714285714285,50,175
265,100,200,0.051000000000000004,0.7,1,0.1,0.6311089992523193,0.9910673401315163,0.9942857142857143,50,175
266,100,200,0.101,0.7,1,0.1,0.6447653770446777,0.9955837224816544,1.0,50,175
267,100,200,0.15100000000000002,0.7,1,0.1,0.6533288955688477,0.9846230058133993,0.9885714285714285,50,175
268,100,200,0.201,0.7,1,0.1,0.6596791744232178,0.98338884970933,0.9885714285714285,50,175
269,100,200,0.251,0.7,1,0.1,0.6671261787414551,0.9737890403125893,0.9771428571428571,50,175
270,100,200,0.001,0.7,1,0.1,0.6623764038085938,0.9876137519623234,0.992,50,250
271,100,200,0.051000000000000004,0.7,1,0.1,0.6888823509216309,0.9880376138147566,0.992,50,250
272,100,200,0.101,0.7,1,0.1,0.695810079574585,0.9846820094191523,0.988,50,250
273,100,200,0.15100000000000002,0.7,1,0.1,0.7031900882720947,0.9747918367346938,0.98,50,250
274,100,200,0.201,0.7,1,0.1,0.704371452331543,0.9725665306122449,0.976,50,250
275,100,200,0.251,0.7,1,0.1,0.7096407413482666,0.9639950392464678,0.968,50,250
276,100,200,0.001,0.7,1,0.1,0.6608176231384277,0.9666179983179143,0.9688888888888889,50,225
277,100,200,0.051000000000000004,0.7,1,0.1,0.6839513778686523,0.9754684608915054,0.9777777777777777,50,225
278,100,200,0.101,0.7,1,0.1,0.6881811618804932,0.9827377628259041,0.9866666666666667,50,225
279,100,200,0.15100000000000002,0.7,1,0.1,0.6888575553894043,0.9737863751051303,0.9777777777777777,50,225
280,100,200,0.201,0.7,1,0.1,0.7051863670349121,0.9692433978132885,0.9733333333333334,50,225
281,100,200,0.251,0.7,1,0.1,0.7075791358947754,0.9606284272497897,0.9644444444444444,50,225
282,100,200,0.001,0.7,1,0.1,0.64674973487854,0.973402124430956,0.9777777777777777,50,225
283,100,200,0.051000000000000004,0.7,1,0.1,0.6691877841949463,0.9866704097116844,0.9911111111111112,50,225
284,100,200,0.101,0.7,1,0.1,0.6792304515838623,0.9826877086494689,0.9866666666666667,50,225
285,100,200,0.15100000000000002,0.7,1,0.1,0.681755542755127,0.9737663125948407,0.9777777777777777,50,225
286,100,200,0.201,0.7,1,0.1,0.6983466148376465,0.9644959028831563,0.9688888888888889,50,225
287,100,200,0.251,0.7,1,0.1,0.6913785934448242,0.9558931714719271,0.96,50,225
288,100,200,0.001,0.7,1,0.1,0.689511775970459,0.9698438596491228,0.9745454545454545,50,275
289,100,200,0.051000000000000004,0.7,1,0.1,0.6965904235839844,0.9812578947368421,0.9854545454545455,50,275
290,100,200,0.101,0.7,1,0.1,0.7093110084533691,0.985106432748538,0.9890909090909091,50,275
291,100,200,0.15100000000000002,0.7,1,0.1,0.7157495021820068,0.9729540935672514,0.9781818181818182,50,275
292,100,200,0.201,0.7,1,0.1,0.7319529056549072,0.9623222222222222,0.9672727272727273,50,275
293,100,200,0.251,0.7,1,0.1,0.7351393699645996,0.9655932748538012,0.9709090909090909,50,275
294,100,200,0.001,0.7,1,0.1,0.6845860481262207,0.9756230113636363,0.9781818181818182,50,275
295,100,200,0.051000000000000004,0.7,1,0.1,0.7014017105102539,0.9857696022727274,0.9890909090909091,50,275
296,100,200,0.101,0.7,1,0.1,0.7153613567352295,0.9827377840909092,0.9854545454545455,50,275
297,100,200,0.15100000000000002,0.7,1,0.1,0.7291381359100342,0.9751400568181817,0.9781818181818182,50,275
298,100,200,0.201,0.7,1,0.1,0.7397911548614502,0.969721875,0.9745454545454545,50,275
299,100,200,0.251,0.7,1,0.1,0.738013744354248,0.9634309659090909,0.9672727272727273,50,275
300,100,200,0.001,0.7,1,0.1,0.7207214832305908,0.9748929094714809,0.9784615384615385,50,325
301,100,200,0.051000000000000004,0.7,1,0.1,0.72135329246521,0.974051072736787,0.9784615384615385,50,325
302,100,200,0.101,0.7,1,0.1,0.7411849498748779,0.9779730769230769,0.9815384615384616,50,325
303,100,200,0.15100000000000002,0.7,1,0.1,0.750568151473999,0.967720669806384,0.9723076923076923,50,325
304,100,200,0.201,0.7,1,0.1,0.759343147277832,0.9623171376242804,0.9661538461538461,50,325
305,100,200,0.251,0.7,1,0.1,0.7641496658325195,0.9474009942438514,0.9507692307692308,50,325
306,100,200,0.001,0.7,1,0.1,0.7277028560638428,0.972582062193126,0.976,50,375
307,100,200,0.051000000000000004,0.7,1,0.1,0.748903751373291,0.9802892962356793,0.984,50,375
308,100,200,0.101,0.7,1,0.1,0.7857804298400879,0.9775592798690671,0.9813333333333333,50,375
309,100,200,0.15100000000000002,0.7,1,0.1,0.780125617980957,0.9666637643207856,0.9706666666666667,50,375
310,100,200,0.201,0.7,1,0.1,0.7937588691711426,0.9563574468085105,0.96,50,375
311,100,200,0.251,0.7,1,0.1,0.817981481552124,0.9532755482815057,0.9573333333333334,50,375
312,100,200,0.001,0.7,1,0.1,0.6936876773834229,0.966878947368421,0.97,50,300
313,100,200,0.051000000000000004,0.7,1,0.1,0.7194859981536865,0.9691350877192982,0.9733333333333334,50,300
314,100,200,0.101,0.7,1,0.1,0.7392635345458984,0.9732245614035088,0.9766666666666667,50,300
315,100,200,0.15100000000000002,0.7,1,0.1,0.7338683605194092,0.961,0.9666666666666667,50,300
316,100,200,0.201,0.7,1,0.1,0.7575294971466064,0.9530912280701754,0.9566666666666667,50,300
317,100,200,0.251,0.7,1,0.1,0.7753086090087891,0.9487561403508772,0.9533333333333334,50,300
318,100,200,0.001,0.7,1,0.1,0.6417131423950195,0.9698368815592204,0.9733333333333334,50,225
319,100,200,0.051000000000000004,0.7,1,0.1,0.679135799407959,0.9831718140929535,0.9866666666666667,50,225
320,100,200,0.101,0.7,1,0.1,0.6774542331695557,0.9911097451274362,0.9955555555555555,50,225
321,100,200,0.15100000000000002,0.7,1,0.1,0.6823880672454834,0.9730524737631184,0.9777777777777777,50,225
322,100,200,0.201,0.7,1,0.1,0.6810824871063232,0.9816275862068966,0.9866666666666667,50,225
323,100,200,0.251,0.7,1,0.1,0.6980714797973633,0.9689673163418291,0.9733333333333334,50,225
324,100,200,0.001,0.7,1,0.1,0.7418811321258545,0.9690665651760229,0.9706666666666667,50,375
325,100,200,0.051000000000000004,0.7,1,0.1,0.7652194499969482,0.9650469267364414,0.968,50,375
326,100,200,0.101,0.7,1,0.1,0.8072829246520996,0.9659032540437678,0.968,50,375
327,100,200,0.15100000000000002,0.7,1,0.1,0.8177940845489502,0.9576692673644147,0.96,50,375
328,100,200,0.201,0.7,1,0.1,0.8021290302276611,0.9460816745956232,0.9493333333333334,50,375
329,100,200,0.251,0.7,1,0.1,0.8145270347595215,0.9431086584205519,0.9466666666666667,50,375
330,100,200,0.001,0.7,1,0.1,0.682330846786499,0.9807405471124621,0.984,50,250
331,100,200,0.051000000000000004,0.7,1,0.1,0.6905779838562012,0.9813636474164134,0.984,50,250
332,100,200,0.101,0.7,1,0.1,0.7195594310760498,0.9807177507598784,0.984,50,250
333,100,200,0.15100000000000002,0.7,1,0.1,0.7016799449920654,0.9768717325227964,0.98,50,250
334,100,200,0.201,0.7,1,0.1,0.7072126865386963,0.964239452887538,0.968,50,250
335,100,200,0.251,0.7,1,0.1,0.7754013538360596,0.9597703343465045,0.964,50,250
336,100,200,0.001,0.7,1,0.1,0.7387394905090332,0.9627207239819006,0.9653333333333334,50,375
337,100,200,0.051000000000000004,0.7,1,0.1,0.7596597671508789,0.9672043438914028,0.9706666666666667,50,375
338,100,200,0.101,0.7,1,0.1,0.779794454574585,0.9685773755656109,0.9733333333333334,50,375
339,100,200,0.15100000000000002,0.7,1,0.1,0.7942891120910645,0.9565266968325791,0.96,50,375
340,100,200,0.201,0.7,1,0.1,0.812586784362793,0.9460209954751131,0.9493333333333334,50,375
341,100,200,0.251,0.7,1,0.1,0.8197877407073975,0.9429013574660634,0.9466666666666667,50,375
342,100,200,0.001,0.7,1,0.1,0.6989972591400146,0.9725532877882151,0.9766666666666667,50,300
343,100,200,0.051000000000000004,0.7,1,0.1,0.7229926586151123,0.9770061485909479,0.98,50,300
344,100,200,0.101,0.7,1,0.1,0.7237160205841064,0.9726557643040137,0.9766666666666667,50,300
345,100,200,0.15100000000000002,0.7,1,0.1,0.7470340728759766,0.9619103330486763,0.9666666666666667,50,300
346,100,200,0.201,0.7,1,0.1,0.7438819408416748,0.9621409052092229,0.9666666666666667,50,300
347,100,200,0.251,0.7,1,0.1,0.7539534568786621,0.953026558497011,0.9566666666666667,50,300
348,100,200,0.001,0.7,1,0.1,0.6161701679229736,0.99599837000815,1.0,50,150
349,100,200,0.051000000000000004,0.7,1,0.1,0.6267514228820801,0.9915988590057049,0.9933333333333333,50,150
350,100,200,0.101,0.7,1,0.1,0.628150463104248,0.9968785656071719,1.0,50,150
351,100,200,0.15100000000000002,0.7,1,0.1,0.6565821170806885,0.996161369193154,1.0,50,150
352,100,200,0.201,0.7,1,0.1,0.6336488723754883,0.9883714751426242,0.9933333333333333,50,150
353,100,200,0.251,0.7,1,0.1,0.6407270431518555,0.9828065199674002,0.9866666666666667,50,150
354,100,200,0.001,0.7,1,0.1,0.6939938068389893,0.9627827926657263,0.9666666666666667,50,300
355,100,200,0.051000000000000004,0.7,1,0.1,0.7287101745605469,0.9707650211565586,0.9733333333333334,50,300
356,100,200,0.101,0.7,1,0.1,0.7222049236297607,0.9834713681241185,0.9866666666666667,50,300
357,100,200,0.15100000000000002,0.7,1,0.1,0.7415001392364502,0.9729578279266573,0.9766666666666667,50,300
358,100,200,0.201,0.7,1,0.1,0.7429912090301514,0.9625994358251058,0.9666666666666667,50,300
359,100,200,0.251,0.7,1,0.1,0.740342378616333,0.9580723554301833,0.9633333333333334,50,300
360,100,200,0.001,0.7,1,0.1,0.6992573738098145,0.9686499222126188,0.972,50,250
361,100,200,0.051000000000000004,0.7,1,0.1,0.6896302700042725,0.980426205704408,0.984,50,250
362,100,200,0.101,0.7,1,0.1,0.6966702938079834,0.9794754710458081,0.984,50,250
363,100,200,0.15100000000000002,0.7,1,0.1,0.6898503303527832,0.9749018150388936,0.98,50,250
364,100,200,0.201,0.7,1,0.1,0.7038702964782715,0.9625550907519447,0.968,50,250
365,100,200,0.251,0.7,1,0.1,0.704848051071167,0.9598569749351772,0.964,50,250
366,100,200,0.001,0.7,1,0.1,0.7982640266418457,0.9426189655172413,0.945,50,400
367,100,200,0.051000000000000004,0.7,1,0.1,0.7868771553039551,0.9693902450090744,0.9725,50,400
368,100,200,0.101,0.7,1,0.1,0.8000938892364502,0.9713026315789474,0.975,50,400
369,100,200,0.15100000000000002,0.7,1,0.1,0.812420129776001,0.9617565335753175,0.965,50,400
370,100,200,0.201,0.7,1,0.1,0.8143434524536133,0.9529817604355716,0.955,50,400
371,100,200,0.251,0.7,1,0.1,0.814877986907959,0.948744010889292,0.955,50,400
372,100,200,0.001,0.7,1,0.1,0.6818089485168457,0.9676995822890561,0.9709090909090909,50,275
373,100,200,0.051000000000000004,0.7,1,0.1,0.6917929649353027,0.9815649122807018,0.9854545454545455,50,275
374,100,200,0.101,0.7,1,0.1,0.6988799571990967,0.977689223057644,0.9818181818181818,50,275
375,100,200,0.15100000000000002,0.7,1,0.1,0.7342722415924072,0.9662041771094403,0.9709090909090909,50,275
376,100,200,0.201,0.7,1,0.1,0.7191088199615479,0.958594820384294,0.9636363636363636,50,275
377,100,200,0.251,0.7,1,0.1,0.7283036708831787,0.9554041771094401,0.96,50,275
378,100,200,0.001,0.7,1,0.1,0.7439982891082764,0.9579877141568981,0.9625,50,400
379,100,200,0.051000000000000004,0.7,1,0.1,0.7754294872283936,0.9688164788097385,0.9725,50,400
380,100,200,0.101,0.7,1,0.1,0.790902853012085,0.9677614743011723,0.9725,50,400
381,100,200,0.15100000000000002,0.7,1,0.1,0.818312406539917,0.9583123309287647,0.9625,50,400
382,100,200,0.201,0.7,1,0.1,0.8262887001037598,0.9490615644724978,0.9525,50,400
383,100,200,0.251,0.7,1,0.1,0.8302700519561768,0.9465234445446348,0.95,50,400
384,100,200,0.001,0.7,1,0.1,0.7006914615631104,0.9750094100074682,0.9781818181818182,50,275
385,100,200,0.051000000000000004,0.7,1,0.1,0.7020905017852783,0.9820973861090366,0.9854545454545455,50,275
386,100,200,0.101,0.7,1,0.1,0.7265231609344482,0.9782733383121732,0.9818181818181818,50,275
387,100,200,0.15100000000000002,0.7,1,0.1,0.7221472263336182,0.96063928304705,0.9636363636363636,50,275
388,100,200,0.201,0.7,1,0.1,0.7322113513946533,0.9595190440627334,0.9636363636363636,50,275
389,100,200,0.251,0.7,1,0.1,0.7245891094207764,0.9470237490664676,0.9527272727272728,50,275
390,100,200,0.001,0.7,1,0.1,0.6261050701141357,0.990589349112426,0.9933333333333333,50,150
391,100,200,0.051000000000000004,0.7,1,0.1,0.6296741962432861,0.9976997041420118,1.0,50,150
392,100,200,0.101,0.7,1,0.1,0.6313643455505371,0.9972337278106509,1.0,50,150
393,100,200,0.15100000000000002,0.7,1,0.1,0.6362042427062988,0.9883630177514793,0.9933333333333333,50,150
394,100,200,0.201,0.7,1,0.1,0.6310923099517822,0.9825248520710059,0.9866666666666667,50,150
395,100,200,0.251,0.7,1,0.1,0.6466195583343506,0.9818443786982248,0.9866666666666667,50,150
396,100,200,0.001,0.7,1,0.1,0.6711633205413818,0.9762508953817153,0.98,50,250
397,100,200,0.051000000000000004,0.7,1,0.1,0.6847653388977051,0.9842368708765316,0.988,50,250
398,100,200,0.101,0.7,1,0.1,0.6978483200073242,0.9881214703110273,0.992,50,250
399,100,200,0.15100000000000002,0.7,1,0.1,0.702218770980835,0.9797679170593779,0.984,50,250
400,100,200,0.201,0.7,1,0.1,0.714545726776123,0.9633529877474081,0.968,50,250
401,100,200,0.251,0.7,1,0.1,0.7208843231201172,0.9600998680490104,0.964,50,250
402,100,200,0.001,0.7,1,0.1,0.6464316844940186,0.9720179762787249,0.975,50,200
403,100,200,0.051000000000000004,0.7,1,0.1,0.6594250202178955,0.9866085248332097,0.99,50,200
404,100,200,0.101,0.7,1,0.1,0.659576416015625,0.9918402149740548,0.995,50,200
405,100,200,0.15100000000000002,0.7,1,0.1,0.6700236797332764,0.9765973313565603,0.98,50,200
406,100,200,0.201,0.7,1,0.1,0.6760134696960449,0.9698237583395107,0.975,50,200
407,100,200,0.251,0.7,1,0.1,0.6777048110961914,0.9663044477390659,0.97,50,200
408,100,200,0.001,0.7,1,0.1,0.6358485221862793,0.9817928003182179,0.985,50,200
409,100,200,0.051000000000000004,0.7,1,0.1,0.6641092300415039,0.9907938345266507,0.995,50,200
410,100,200,0.101,0.7,1,0.1,0.6530740261077881,0.9917484884645983,0.995,50,200
411,100,200,0.15100000000000002,0.7,1,0.1,0.6659185886383057,0.9802096658711217,0.985,50,200
412,100,200,0.201,0.7,1,0.1,0.6681246757507324,0.9707790373906126,0.975,50,200
413,100,200,0.251,0.7,1,0.1,0.6805171966552734,0.9711688544152745,0.975,50,200
414,100,200,0.001,0.7,1,0.1,0.6660706996917725,0.9842067937033968,0.9866666666666667,50,225
415,100,200,0.051000000000000004,0.7,1,0.1,0.669405460357666,0.9882173985086994,0.9911111111111112,50,225
416,100,200,0.101,0.7,1,0.1,0.6948130130767822,0.9878114333057167,0.9911111111111112,50,225
417,100,200,0.15100000000000002,0.7,1,0.1,0.674307107925415,0.9791274233637117,0.9822222222222222,50,225
418,100,200,0.201,0.7,1,0.1,0.6909229755401611,0.9696314830157415,0.9733333333333334,50,225
419,100,200,0.251,0.7,1,0.1,0.694368839263916,0.9733106876553438,0.9777777777777777,50,225
420,100,200,0.001,0.7,1,0.1,0.65236496925354,0.9789118050266565,0.9822222222222222,50,225
421,100,200,0.051000000000000004,0.7,1,0.1,0.6696486473083496,0.9830909367859862,0.9866666666666667,50,225
422,100,200,0.101,0.7,1,0.1,0.6850104331970215,0.9828548362528561,0.9866666666666667,50,225
423,100,200,0.15100000000000002,0.7,1,0.1,0.6934711933135986,0.9774875856816452,0.9822222222222222,50,225
424,100,200,0.201,0.7,1,0.1,0.6959612369537354,0.973049504950495,0.9777777777777777,50,225
425,100,200,0.251,0.7,1,0.1,0.7092306613922119,0.9557160700685452,0.96,50,225
426,100,200,0.001,0.7,1,0.1,0.680121898651123,0.9771031719532554,0.98,50,250
427,100,200,0.051000000000000004,0.7,1,0.1,0.6751649379730225,0.9917662103505843,0.996,50,250
428,100,200,0.101,0.7,1,0.1,0.6960752010345459,0.9804204340567613,0.984,50,250
429,100,200,0.15100000000000002,0.7,1,0.1,0.71978759765625,0.9717074457429048,0.976,50,250
430,100,200,0.201,0.7,1,0.1,0.7253470420837402,0.9629193322203672,0.968,50,250
431,100,200,0.251,0.7,1,0.1,0.7129695415496826,0.9612297829716193,0.964,50,250
432,100,200,0.001,0.7,1,0.1,0.6501774787902832,0.9928395833333332,0.9955555555555555,50,225
433,100,200,0.051000000000000004,0.7,1,0.1,0.6852006912231445,0.992804861111111,0.9955555555555555,50,225
434,100,200,0.101,0.7,1,0.1,0.687671422958374,0.9927267361111111,0.9955555555555555,50,225
435,100,200,0.15100000000000002,0.7,1,0.1,0.691746711730957,0.9785371527777779,0.9822222222222222,50,225
436,100,200,0.201,0.7,1,0.1,0.7087056636810303,0.9787975694444445,0.9822222222222222,50,225
437,100,200,0.251,0.7,1,0.1,0.6808271408081055,0.963870138888889,0.9688888888888889,50,225
438,100,200,0.001,0.7,1,0.1,0.727783203125,0.9531398925556409,0.9573333333333334,50,375
439,100,200,0.051000000000000004,0.7,1,0.1,0.7583422660827637,0.96759852647736,0.9706666666666667,50,375
440,100,200,0.101,0.7,1,0.1,0.7784121036529541,0.9675831772831927,0.9706666666666667,50,375
441,100,200,0.15100000000000002,0.7,1,0.1,0.7972095012664795,0.9563785111281657,0.96,50,375
442,100,200,0.201,0.7,1,0.1,0.7905604839324951,0.946056423637759,0.9493333333333334,50,375
443,100,200,0.251,0.7,1,0.1,0.8079662322998047,0.9406152570990023,0.944,50,375
444,100,200,0.001,0.7,1,0.1,0.6374866962432861,0.9778202974628171,0.98,50,200
445,100,200,0.051000000000000004,0.7,1,0.1,0.652515172958374,0.9860580052493438,0.99,50,200
446,100,200,0.101,0.7,1,0.1,0.6541347503662109,0.9866441819772528,0.99,50,200
447,100,200,0.15100000000000002,0.7,1,0.1,0.670252799987793,0.9806093175853018,0.985,50,200
448,100,200,0.201,0.7,1,0.1,0.6721489429473877,0.9709017935258092,0.975,50,200
449,100,200,0.251,0.7,1,0.1,0.6675078868865967,0.9596369641294837,0.965,50,200
450,100,200,0.001,0.7,1,0.1,0.6132967472076416,0.990631298366294,0.9933333333333333,50,150
451,100,200,0.051000000000000004,0.7,1,0.1,0.6151959896087646,0.9967153912295786,1.0,50,150
452,100,200,0.101,0.7,1,0.1,0.6937263011932373,0.9966723989681857,1.0,50,150
453,100,200,0.15100000000000002,0.7,1,0.1,0.6626636981964111,0.9894017196904556,0.9933333333333333,50,150
454,100,200,0.201,0.7,1,0.1,0.6574881076812744,0.9824835769561479,0.9866666666666667,50,150
455,100,200,0.251,0.7,1,0.1,0.6562342643737793,0.9760469475494411,0.98,50,150
456,100,200,0.001,0.7,1,0.1,0.7191576957702637,0.9653434586466166,0.9706666666666667,50,375
457,100,200,0.051000000000000004,0.7,1,0.1,0.7702267169952393,0.9662006015037594,0.9706666666666667,50,375
458,100,200,0.101,0.7,1,0.1,0.78641676902771,0.9739777443609022,0.9786666666666667,50,375
459,100,200,0.15100000000000002,0.7,1,0.1,0.7878899574279785,0.9663434586466166,0.9706666666666667,50,375
460,100,200,0.201,0.7,1,0.1,0.8016176223754883,0.9517816541353383,0.9546666666666667,50,375
461,100,200,0.251,0.7,1,0.1,0.808687686920166,0.9422601503759399,0.9466666666666667,50,375
462,100,200,0.001,0.7,1,0.1,0.7078807353973389,0.967304199066874,0.9709090909090909,50,275
463,100,200,0.051000000000000004,0.7,1,0.1,0.6949386596679688,0.9706553654743391,0.9745454545454545,50,275
464,100,200,0.101,0.7,1,0.1,0.7113668918609619,0.9783996889580093,0.9818181818181818,50,275
465,100,200,0.15100000000000002,0.7,1,0.1,0.733783483505249,0.9626155520995334,0.9672727272727273,50,275
466,100,200,0.201,0.7,1,0.1,0.7533528804779053,0.9603763608087091,0.9636363636363636,50,275
467,100,200,0.251,0.7,1,0.1,0.7332799434661865,0.951636702954899,0.9563636363636364,50,275
468,100,200,0.001,0.7,1,0.1,0.7499377727508545,0.9626253924914676,0.9653333333333334,50,375
469,100,200,0.051000000000000004,0.7,1,0.1,0.7630329132080078,0.9737349488054607,0.9786666666666667,50,375
470,100,200,0.101,0.7,1,0.1,0.7903335094451904,0.9676152901023891,0.9706666666666667,50,375
471,100,200,0.15100000000000002,0.7,1,0.1,0.8082482814788818,0.9614905802047783,0.9653333333333334,50,375
472,100,200,0.201,0.7,1,0.1,0.8102054595947266,0.9559460750853241,0.96,50,375
473,100,200,0.251,0.7,1,0.1,0.8017354011535645,0.9431215017064847,0.9466666666666667,50,375
474,100,200,0.001,0.7,1,0.1,0.671994686126709,0.9923162440570523,0.995,50,200
475,100,200,0.051000000000000004,0.7,1,0.1,0.6627101898193359,0.9919596671949287,0.995,50,200
476,100,200,0.101,0.7,1,0.1,0.6507489681243896,0.9959746434231379,1.0,50,200
477,100,200,0.15100000000000002,0.7,1,0.1,0.6677358150482178,0.9863757527733755,0.99,50,200
478,100,200,0.201,0.7,1,0.1,0.6746091842651367,0.9711612519809825,0.975,50,200
479,100,200,0.251,0.7,1,0.1,0.6766223907470703,0.9793813787638669,0.985,50,200
480,100,200,0.001,0.7,1,0.1,0.6483535766601562,0.9862227786752827,0.99,50,200
481,100,200,0.051000000000000004,0.7,1,0.1,0.6530094146728516,0.9875474959612278,0.99,50,200
482,100,200,0.101,0.7,1,0.1,0.6547296047210693,0.9964943457189015,1.0,50,200
483,100,200,0.15100000000000002,0.7,1,0.1,0.6691722869873047,0.9858835218093699,0.99,50,200
484,100,200,0.201,0.7,1,0.1,0.67502760887146,0.976589337641357,0.98,50,200
485,100,200,0.251,0.7,1,0.1,0.7009987831115723,0.9707427302100161,0.975,50,200
486,100,200,0.001,0.7,1,0.1,0.638399600982666,0.9807590678824721,0.9828571428571429,50,175
487,100,200,0.051000000000000004,0.7,1,0.1,0.6283631324768066,0.9962234042553192,1.0,50,175
488,100,200,0.101,0.7,1,0.1,0.6378564834594727,0.9970390070921986,1.0,50,175
489,100,200,0.15100000000000002,0.7,1,0.1,0.6475131511688232,0.9897949848024317,0.9942857142857143,50,175
490,100,200,0.201,0.7,1,0.1,0.6563398838043213,0.9837655015197568,0.9885714285714285,50,175
491,100,200,0.251,0.7,1,0.1,0.6586599349975586,0.9676008105369808,0.9714285714285714,50,175
492,100,200,0.001,0.7,1,0.1,0.7162508964538574,0.9669842293081616,0.9714285714285714,50,350
493,100,200,0.051000000000000004,0.7,1,0.1,0.778822660446167,0.9601826407275239,0.9628571428571429,50,350
494,100,200,0.101,0.7,1,0.1,0.7746100425720215,0.976316035455278,0.98,50,350
495,100,200,0.15100000000000002,0.7,1,0.1,0.7896847724914551,0.9703929780131231,0.9742857142857143,50,350
496,100,200,0.201,0.7,1,0.1,0.7869975566864014,0.9594413030965812,0.9628571428571429,50,350
497,100,200,0.251,0.7,1,0.1,0.7841107845306396,0.9515762633820652,0.9571428571428572,50,350
498,100,200,0.001,0.7,1,0.1,0.7108776569366455,0.9526436597110755,0.9571428571428572,50,350
499,100,200,0.051000000000000004,0.7,1,0.1,0.7543058395385742,0.9728208667736757,0.9771428571428571,50,350
500,100,200,0.101,0.7,1,0.1,0.7449555397033691,0.9722028892455858,0.9771428571428571,50,350
501,100,200,0.15100000000000002,0.7,1,0.1,0.762984037399292,0.9610651685393258,0.9657142857142857,50,350
502,100,200,0.201,0.7,1,0.1,0.7850914001464844,0.9490526484751204,0.9542857142857143,50,350
503,100,200,0.251,0.7,1,0.1,0.7810192108154297,0.9460314606741573,0.9514285714285714,50,350
504,100,200,0.001,0.7,1,0.1,0.612323522567749,0.9969081272084805,1.0,50,150
505,100,200,0.051000000000000004,0.7,1,0.1,0.6272437572479248,0.9968816254416961,1.0,50,150
506,100,200,0.101,0.7,1,0.1,0.6265616416931152,0.9977826855123675,1.0,50,150
507,100,200,0.15100000000000002,0.7,1,0.1,0.6428613662719727,0.9902551236749116,0.9933333333333333,50,150
508,100,200,0.201,0.7,1,0.1,0.6349968910217285,0.9832752650176678,0.9866666666666667,50,150
509,100,200,0.251,0.7,1,0.1,0.6447126865386963,0.9825420494699647,0.9866666666666667,50,150
510,100,200,0.001,0.7,1,0.1,0.7408502101898193,0.9596472007722008,0.9625,50,400
511,100,200,0.051000000000000004,0.7,1,0.1,0.7701771259307861,0.9590294401544401,0.9625,50,400
512,100,200,0.101,0.7,1,0.1,0.7809531688690186,0.9612187258687258,0.965,50,400
513,100,200,0.15100000000000002,0.7,1,0.1,0.7989466190338135,0.9491371621621622,0.9525,50,400
514,100,200,0.201,0.7,1,0.1,0.8346445560455322,0.950569691119691,0.955,50,400
515,100,200,0.251,0.7,1,0.1,0.8143832683563232,0.9435616795366796,0.9475,50,400
516,100,200,0.001,0.7,1,0.1,0.7297525405883789,0.9616030009871669,0.9653333333333334,50,375
517,100,200,0.051000000000000004,0.7,1,0.1,0.7488827705383301,0.9663696742349458,0.9706666666666667,50,375
518,100,200,0.101,0.7,1,0.1,0.774111270904541,0.9699376110562685,0.9733333333333334,50,375
519,100,200,0.15100000000000002,0.7,1,0.1,0.7931580543518066,0.9610008292201383,0.9653333333333334,50,375
520,100,200,0.201,0.7,1,0.1,0.7885751724243164,0.9536237709772952,0.9573333333333334,50,375
521,100,200,0.251,0.7,1,0.1,0.7877786159515381,0.9443612240868707,0.9493333333333334,50,375
522,100,200,0.001,0.7,1,0.1,0.7395198345184326,0.9677504098994587,0.9706666666666667,50,375
523,100,200,0.051000000000000004,0.7,1,0.1,0.7461354732513428,0.9765470688321732,0.9813333333333333,50,375
524,100,200,0.101,0.7,1,0.1,0.7684555053710938,0.9715841608662026,0.976,50,375
525,100,200,0.15100000000000002,0.7,1,0.1,0.7836158275604248,0.9591575560711524,0.9626666666666667,50,375
526,100,200,0.201,0.7,1,0.1,0.8058123588562012,0.9567031709203402,0.96,50,375
527,100,200,0.251,0.7,1,0.1,0.8143839836120605,0.9482340603248259,0.952,50,375
528,100,200,0.001,0.7,1,0.1,0.704240083694458,0.9737575682382135,0.9784615384615385,50,325
529,100,200,0.051000000000000004,0.7,1,0.1,0.7413685321807861,0.9691330024813896,0.9723076923076923,50,325
530,100,200,0.101,0.7,1,0.1,0.7624340057373047,0.9777069478908188,0.9815384615384616,50,325
531,100,200,0.15100000000000002,0.7,1,0.1,0.779029130935669,0.9629681141439206,0.9661538461538461,50,325
532,100,200,0.201,0.7,1,0.1,0.771392822265625,0.9522490074441687,0.9569230769230769,50,325
533,100,200,0.251,0.7,1,0.1,0.7637202739715576,0.9465599255583127,0.9507692307692308,50,325
534,100,200,0.001,0.7,1,0.1,0.7442104816436768,0.9529549850074963,0.9575,50,400
535,100,200,0.051000000000000004,0.7,1,0.1,0.7762148380279541,0.9662820089955022,0.97,50,400
536,100,200,0.101,0.7,1,0.1,0.8164939880371094,0.9634771739130435,0.9675,50,400
537,100,200,0.15100000000000002,0.7,1,0.1,0.8292989730834961,0.9534347451274363,0.9575,50,400
538,100,200,0.201,0.7,1,0.1,0.8258605003356934,0.9434597826086957,0.9475,50,400
539,100,200,0.251,0.7,1,0.1,0.8276453018188477,0.9381424662668666,0.9425,50,400
540,100,200,0.001,0.7,1,0.1,0.6220781803131104,0.9736752038128684,0.9771428571428571,50,175
541,100,200,0.051000000000000004,0.7,1,0.1,0.633690595626831,0.9970412642669008,1.0,50,175
542,100,200,0.101,0.7,1,0.1,0.6333625316619873,0.9961633011413521,1.0,50,175
543,100,200,0.15100000000000002,0.7,1,0.1,0.6525804996490479,0.9909363602157282,0.9942857142857143,50,175
544,100,200,0.201,0.7,1,0.1,0.6572718620300293,0.9786036372758059,0.9828571428571429,50,175
545,100,200,0.251,0.7,1,0.1,0.6571447849273682,0.9721738868681801,0.9771428571428571,50,175
546,100,200,0.001,0.7,1,0.1,0.6731209754943848,0.9745003236245954,0.9781818181818182,50,275
547,100,200,0.051000000000000004,0.7,1,0.1,0.6893632411956787,0.9737964401294498,0.9781818181818182,50,275
548,100,200,0.101,0.7,1,0.1,0.7167551517486572,0.9808265372168286,0.9854545454545455,50,275
549,100,200,0.15100000000000002,0.7,1,0.1,0.7142493724822998,0.9665317152103561,0.9709090909090909,50,275
550,100,200,0.201,0.7,1,0.1,0.7260181903839111,0.9589433656957929,0.9636363636363636,50,275
551,100,200,0.251,0.7,1,0.1,0.720726728439331,0.9520346278317153,0.9563636363636364,50,275
552,100,200,0.001,0.7,1,0.1,0.7083046436309814,0.9560371308016877,0.96,50,325
553,100,200,0.051000000000000004,0.7,1,0.1,0.7317216396331787,0.9682555014605647,0.9723076923076923,50,325
554,100,200,0.101,0.7,1,0.1,0.7531425952911377,0.9742887374229147,0.9784615384615385,50,325
555,100,200,0.15100000000000002,0.7,1,0.1,0.7654638290405273,0.9640785459266472,0.9692307692307692,50,325
556,100,200,0.201,0.7,1,0.1,0.7641851902008057,0.9556911392405062,0.96,50,325
557,100,200,0.251,0.7,1,0.1,0.7707095146179199,0.9515901330736773,0.9569230769230769,50,325
558,100,200,0.001,0.7,1,0.1,0.7576045989990234,0.9659534508076357,0.97,50,400
559,100,200,0.051000000000000004,0.7,1,0.1,0.7735991477966309,0.9665555066079294,0.97,50,400
560,100,200,0.101,0.7,1,0.1,0.8167169094085693,0.9665334801762114,0.97,50,400
561,100,200,0.15100000000000002,0.7,1,0.1,0.80751633644104,0.959982892804699,0.965,50,400
562,100,200,0.201,0.7,1,0.1,0.8159971237182617,0.9529763950073422,0.9575,50,400
563,100,200,0.251,0.7,1,0.1,0.8328297138214111,0.9442591776798825,0.95,50,400
564,100,200,0.001,0.7,1,0.1,0.6351170539855957,0.9918010002174387,0.9942857142857143,50,175
565,100,200,0.051000000000000004,0.7,1,0.1,0.628502368927002,0.9981278538812786,1.0,50,175
566,100,200,0.101,0.7,1,0.1,0.6434750556945801,0.9981050228310502,1.0,50,175
567,100,200,0.15100000000000002,0.7,1,0.1,0.6520378589630127,0.9908573168080018,0.9942857142857143,50,175
568,100,200,0.201,0.7,1,0.1,0.6738877296447754,0.9789113720373995,0.9828571428571429,50,175
569,100,200,0.251,0.7,1,0.1,0.6505789756774902,0.9738782778864971,0.9771428571428571,50,175
570,100,200,0.001,0.7,1,0.1,0.6585710048675537,0.9799632786885246,0.984,50,250
571,100,200,0.051000000000000004,0.7,1,0.1,0.6710159778594971,0.9870308196721311,0.992,50,250
572,100,200,0.101,0.7,1,0.1,0.6887409687042236,0.987235737704918,0.992,50,250
573,100,200,0.15100000000000002,0.7,1,0.1,0.7086129188537598,0.9680013114754098,0.972,50,250
574,100,200,0.201,0.7,1,0.1,0.7094109058380127,0.9631642622950819,0.968,50,250
575,100,200,0.251,0.7,1,0.1,0.7177114486694336,0.9622298360655738,0.968,50,250
576,100,200,0.001,0.7,1,0.1,0.7372238636016846,0.9773710569777044,0.9828571428571429,50,350
577,100,200,0.051000000000000004,0.7,1,0.1,0.7325360774993896,0.9774071841453345,0.9828571428571429,50,350
578,100,200,0.101,0.7,1,0.1,0.7798991203308105,0.9746653179190751,0.98,50,350
579,100,200,0.15100000000000002,0.7,1,0.1,0.7851910591125488,0.9703087530966144,0.9742857142857143,50,350
580,100,200,0.201,0.7,1,0.1,0.7775042057037354,0.9567511560693641,0.96,50,350
581,100,200,0.251,0.7,1,0.1,0.810941219329834,0.9516393476465731,0.9571428571428572,50,350
582,100,200,0.001,0.7,1,0.1,0.6850788593292236,0.9847009128630705,0.988,50,250
583,100,200,0.051000000000000004,0.7,1,0.1,0.6876897811889648,0.9885115352697095,0.992,50,250
584,100,200,0.101,0.7,1,0.1,0.7038466930389404,0.9851739419087137,0.988,50,250
585,100,200,0.15100000000000002,0.7,1,0.1,0.7026383876800537,0.9840038174273859,0.988,50,250
586,100,200,0.201,0.7,1,0.1,0.712519645690918,0.9750547717842323,0.98,50,250
587,100,200,0.251,0.7,1,0.1,0.7318336963653564,0.9730117842323651,0.976,50,250
588,100,200,0.001,0.7,1,0.1,0.7256057262420654,0.9630082205901301,0.9661538461538461,50,325
589,100,200,0.051000000000000004,0.7,1,0.1,0.7261662483215332,0.9741459348022162,0.9784615384615385,50,325
590,100,200,0.101,0.7,1,0.1,0.7410047054290771,0.9716106687282567,0.9753846153846154,50,325
591,100,200,0.15100000000000002,0.7,1,0.1,0.7513816356658936,0.9619613194176008,0.9661538461538461,50,325
592,100,200,0.201,0.7,1,0.1,0.7716257572174072,0.9678777477129236,0.9723076923076923,50,325
593,100,200,0.251,0.7,1,0.1,0.7691061496734619,0.9490145599793842,0.9538461538461539,50,325
594,100,200,0.001,0.7,1,0.1,0.7355203628540039,0.9667043049903619,0.9685714285714285,50,350
595,100,200,0.051000000000000004,0.7,1,0.1,0.7484703063964844,0.9646428357249945,0.9685714285714285,50,350
596,100,200,0.101,0.7,1,0.1,0.7672519683837891,0.9739156564574856,0.9771428571428571,50,350
597,100,200,0.15100000000000002,0.7,1,0.1,0.7842082977294922,0.9624139644463482,0.9657142857142857,50,350
598,100,200,0.201,0.7,1,0.1,0.7828912734985352,0.9561421289355322,0.96,50,350
599,100,200,0.251,0.7,1,0.1,0.7909386157989502,0.9582210751766974,0.9628571428571429,50,350
600,100,200,0.001,0.7,1,0.1,0.620715856552124,0.9898287505597851,0.9942857142857143,50,175
601,100,200,0.051000000000000004,0.7,1,0.1,0.6364226341247559,0.9907613524406629,0.9942857142857143,50,175
602,100,200,0.101,0.7,1,0.1,0.6446740627288818,0.995384012539185,1.0,50,175
603,100,200,0.15100000000000002,0.7,1,0.1,0.642573356628418,0.9889745185848635,0.9942857142857143,50,175
604,100,200,0.201,0.7,1,0.1,0.6656746864318848,0.9888804746977161,0.9942857142857143,50,175
605,100,200,0.251,0.7,1,0.1,0.6638548374176025,0.9723714285714286,0.9771428571428571,50,175
606,100,200,0.001,0.7,1,0.1,0.6523964405059814,0.9767387509405567,0.98,50,200
607,100,200,0.051000000000000004,0.7,1,0.1,0.646275520324707,0.9917016177577126,0.995,50,200
608,100,200,0.101,0.7,1,0.1,0.6624956130981445,0.9920402182091799,0.995,50,200
609,100,200,0.15100000000000002,0.7,1,0.1,0.6919424533843994,0.9855176072234763,0.99,50,200
610,100,200,0.201,0.7,1,0.1,0.6704211235046387,0.9767462753950338,0.98,50,200
611,100,200,0.251,0.7,1,0.1,0.6737833023071289,0.9651758465011286,0.97,50,200
612,100,200,0.001,0.7,1,0.1,0.6334483623504639,0.9908613730929264,0.995,50,200
613,100,200,0.051000000000000004,0.7,1,0.1,0.6599700450897217,0.9915409847434119,0.995,50,200
614,100,200,0.101,0.7,1,0.1,0.6565661430358887,0.9912011789181692,0.995,50,200
615,100,200,0.15100000000000002,0.7,1,0.1,0.6590099334716797,0.9850791955617199,0.99,50,200
616,100,200,0.201,0.7,1,0.1,0.6741197109222412,0.9808642857142856,0.985,50,200
617,100,200,0.251,0.7,1,0.1,0.6792895793914795,0.9658270457697642,0.97,50,200
618,100,200,0.001,0.7,1,0.1,0.6636168956756592,0.9804306905370844,0.9822222222222222,50,225
619,100,200,0.051000000000000004,0.7,1,0.1,0.6730201244354248,0.9845919863597613,0.9866666666666667,50,225
620,100,200,0.101,0.7,1,0.1,0.6713266372680664,0.9886680306905372,0.9911111111111112,50,225
621,100,200,0.15100000000000002,0.7,1,0.1,0.6904044151306152,0.9778646206308611,0.9822222222222222,50,225
622,100,200,0.201,0.7,1,0.1,0.690711498260498,0.9694567774936061,0.9733333333333334,50,225
623,100,200,0.251,0.7,1,0.1,0.6885702610015869,0.9748627450980392,0.9777777777777777,50,225
624,100,200,0.001,0.7,1,0.1,0.6924300193786621,0.9724788712011577,0.9766666666666667,50,300
625,100,200,0.051000000000000004,0.7,1,0.1,0.7120232582092285,0.9787966714905932,0.9833333333333333,50,300
626,100,200,0.101,0.7,1,0.1,0.7388861179351807,0.9758078147612156,0.98,50,300
627,100,200,0.15100000000000002,0.7,1,0.1,0.7418482303619385,0.9721821997105644,0.9766666666666667,50,300
628,100,200,0.201,0.7,1,0.1,0.7594244480133057,0.9625643994211288,0.9666666666666667,50,300
629,100,200,0.251,0.7,1,0.1,0.7550265789031982,0.9496393632416787,0.9533333333333334,50,300
630,100,200,0.001,0.7,1,0.1,0.7394464015960693,0.9685622166246851,0.9733333333333334,50,375
631,100,200,0.051000000000000004,0.7,1,0.1,0.7696077823638916,0.9689988245172124,0.9733333333333334,50,375
632,100,200,0.101,0.7,1,0.1,0.8002414703369141,0.9690995801847188,0.9733333333333334,50,375
633,100,200,0.15100000000000002,0.7,1,0.1,0.7938840389251709,0.9591021326616289,0.9626666666666667,50,375
634,100,200,0.201,0.7,1,0.1,0.8019814491271973,0.9557400503778337,0.96,50,375
635,100,200,0.251,0.7,1,0.1,0.8001961708068848,0.950401276238455,0.9546666666666667,50,375
636,100,200,0.001,0.7,1,0.1,0.6859631538391113,0.971233166547534,0.9745454545454545,50,275
637,100,200,0.051000000000000004,0.7,1,0.1,0.6952643394470215,0.9777969978556111,0.9818181818181818,50,275
638,100,200,0.101,0.7,1,0.1,0.7189450263977051,0.9811682630450322,0.9854545454545455,50,275
639,100,200,0.15100000000000002,0.7,1,0.1,0.7235217094421387,0.9735322373123659,0.9781818181818182,50,275
640,100,200,0.201,0.7,1,0.1,0.7376277446746826,0.9665323802716227,0.9709090909090909,50,275
641,100,200,0.251,0.7,1,0.1,0.723064661026001,0.9583245175125089,0.9636363636363636,50,275
642,100,200,0.001,0.7,1,0.1,0.7460987567901611,0.9648323456790123,0.968,50,375
643,100,200,0.051000000000000004,0.7,1,0.1,0.7560992240905762,0.9648323456790123,0.968,50,375
644,100,200,0.101,0.7,1,0.1,0.766772985458374,0.9661297530864198,0.9706666666666667,50,375
645,100,200,0.15100000000000002,0.7,1,0.1,0.796961784362793,0.9611815432098766,0.9653333333333334,50,375
646,100,200,0.201,0.7,1,0.1,0.792600154876709,0.9477809259259259,0.952,50,375
647,100,200,0.251,0.7,1,0.1,0.8032963275909424,0.9479661111111111,0.952,50,375
648,100,200,0.001,0.7,1,0.1,0.645972728729248,0.9792427911884976,0.9828571428571429,50,175
649,100,200,0.051000000000000004,0.7,1,0.1,0.6449999809265137,0.9911018599129403,0.9942857142857143,50,175
650,100,200,0.101,0.7,1,0.1,0.655914306640625,0.9952908587257617,1.0,50,175
651,100,200,0.15100000000000002,0.7,1,0.1,0.6483056545257568,0.9846229257353911,0.9885714285714285,50,175
652,100,200,0.201,0.7,1,0.1,0.6677777767181396,0.9827762036670624,0.9885714285714285,50,175
653,100,200,0.251,0.7,1,0.1,0.6687712669372559,0.9674206569054214,0.9714285714285714,50,175
654,100,200,0.001,0.7,1,0.1,0.6336605548858643,0.9869584405753217,0.99,50,200
655,100,200,0.051000000000000004,0.7,1,0.1,0.6603167057037354,0.9869205904617714,0.99,50,200
656,100,200,0.101,0.7,1,0.1,0.6552000045776367,0.9916434897804693,0.995,50,200
657,100,200,0.15100000000000002,0.7,1,0.1,0.6960358619689941,0.9807820968962907,0.985,50,200
658,100,200,0.201,0.7,1,0.1,0.6760859489440918,0.9808805071915215,0.985,50,200
659,100,200,0.251,0.7,1,0.1,0.6797223091125488,0.9720554504163512,0.975,50,200
